QID,wei_1,wei_2,wei_3
Q2601_C1,0,0,0
Q2601_C2,0,0,0
Q2601_C3,1,1,1
Q2601_C4,0,0,0
Q2601_C5,0,0,0
Q2601_C6,0,0,0
Q2601_C7,0,0,0
Q2601_C8,0,0,0
Q2601_C9,0,0,0
Q2601_C10,0,0,0
Q2601_C11,0,0,0
Q2601_C12,0,0,0
Q2601_C13,0,0,0
Q2601_C14,0.6663623931,0.6591872661,0.6640567481
Q2602_C1,0,0,0
Q2602_C2,0,0,0
Q2603_C1,0,0,0
Q2603_C2,0,0,0
Q2603_C3,0,0,0
Q2603_C4,0,0,0
Q2603_C5,0,0,0
Q2603_C6,0,0,0
Q2604_C1,0,0,0
Q2604_C2,1,1,1
Q2604_C3,0.2446534477,0.2516263501,0.2437256518
Q2604_C4,0,0,0
Q2604_C5,0.5902333957,0.5971737568,0.5888572498
Q2604_C6,0.4097666043,0.4028262432,0.4111427502
Q2604_C7,0.345579948,0.3455474068,0.3451315981
Q2605_C1,0,0,0
Q2605_C2,0,0,0
Q2605_C3,0,0,0
Q2605_C4,0,0,0
Q2606_C1,0,0,0
Q2606_C2,0,0,0
Q2606_C3,0,0,0
Q2607_C1,0,0,0
Q2607_C2,0,0,0
Q2607_C3,0,0,0
Q2608_C1,0,0,0
Q2608_C2,0,0,0
Q2608_C3,0,0,0
Q2608_C4,0,0,0
Q2608_C5,0,0,0
Q2608_C6,0,0,0
Q2608_C7,0,0,0
Q2609_C1,0,0,0
Q2609_C2,0,0,0
Q2609_C3,0,0,0
Q2609_C4,0,0,0
Q2610_C1,0,0,0
Q2611_C1,0,0,0
Q2611_C2,0,0,0
Q2611_C3,0,0,0
Q2611_C4,0,0,0
Q2612_C1,0,0,0
Q2612_C2,0,0,0
Q2612_C3,0,0,0
Q2612_C4,1,1,1
Q2612_C5,0,0,0
Q2612_C6,0,0,0
Q2612_C7,0,0,0
Q2612_C8,0,0,0
Q2612_C9,0,0,0
Q2612_C10,0,0,0
Q2612_C11,0,0,0
Q2613_C1,0,0,0
Q2613_C2,0,0,0
Q2613_C3,0,0,0
Q2613_C4,0,0,0
Q2613_C5,0,0,0
Q2613_C6,0,0,0
Q2614_C1,0,0,0
Q2614_C2,0,0,0
Q2614_C3,0,0,0
Q2614_C4,0,0,0
Q2615_C1,0,0,0
Q2615_C2,0,0,0
Q2615_C3,0,0,0
Q2615_C4,0,0,0
Q2616_C1,0,0,0
Q2617_C1,0,0,0
Q2617_C2,1,1,1
Q2617_C3,0.7601505083,0.7430077647,0.7575097766
Q2618_C1,1,1,1
Q2618_C2,0,0,0
Q2618_C3,0,0,0
Q2619_C1,0,0,0
Q2619_C2,0,0,0
Q2619_C3,0,0,0
Q2619_C4,0,0,0
Q2620_C1,0,0,0
Q2620_C2,0,0,0
Q2620_C3,0,0,0
Q2620_C4,0,0,0
Q2621_C1,0,0,0
Q2621_C2,1,1,1
Q2621_C3,1,1,1
Q2622_C1,0,0,0
Q2622_C2,0,0,0
Q2622_C3,0,0,0
Q2622_C4,1,1,1
Q2623_C1,0,0,0
Q2623_C2,0,0,0
Q2623_C3,0,0,0
Q2624_C1,1,1,1
Q2624_C2,1,1,1
Q2624_C3,1,1,1
Q2624_C4,0,0,0
Q2624_C5,0,0,0
Q2624_C6,0,0,0
Q2624_C7,1,1,1
Q2624_C8,0,0,0
Q2625_C1,0,0,0
Q2625_C2,0,0,0
Q2626_C1,0,0,0
Q2626_C2,0,0,0
Q2626_C3,0,0,0
Q2627_C1,0,0,0
Q2627_C2,0,0,0
Q2627_C3,0.4494907621,0.454189121,0.4494208153
Q2627_C4,1,1,1
Q2627_C5,1,1,1
Q2627_C6,0,0,0
Q2627_C7,0,0,0
Q2627_C8,0.4494907621,0.454189121,0.4494208153
Q2627_C9,0,0,0
Q2628_C1,0,0,0
Q2628_C2,0,0,0
Q2628_C3,0,0,0
Q2628_C4,0,0,0
Q2629_C1,0,0,0
Q2629_C2,0,0,0
Q2630_C1,0,0,0
Q2630_C2,1,1,1
Q2630_C3,1,1,1
Q2630_C4,1,1,1
Q2630_C5,0.4831187767,0.5169156024,0.5007931633
Q2630_C6,0,0,0
Q2630_C7,0,0,0
Q2630_C8,1,1,1
Q2630_C9,0,0,0
Q2631_C1,0,0,0
Q2631_C2,0,0,0
Q2631_C3,0,0,0
Q2631_C4,0,0,0
Q2632_C1,0,0,0
Q2632_C2,0,0,0
Q2632_C3,0,0,0
Q2632_C4,0,0,0
Q2632_C5,0,0,0
Q2633_C1,0,0,0
Q2633_C2,0,0,0
Q2633_C3,0,0,0
Q2633_C4,0,0,0
Q2633_C5,0,0,0
Q2633_C6,0,0,0
Q2633_C7,0,0,0
Q2633_C8,0,0,0
Q2633_C9,0,0,0
Q2634_C1,1,1,1
Q2634_C2,0,0,0
Q2634_C3,0.8884864521,0.8433079727,0.8948672234
Q2634_C4,0,0,0
Q2634_C5,0,0,0
Q2635_C1,0,0,0
Q2635_C2,0,0,0
Q2636_C1,0,0,0
Q2636_C2,0,0,0
Q2636_C3,0,0,0
Q2636_C4,0,0,0
Q2636_C5,0,0,0
Q2636_C6,0,0,0
Q2636_C7,0,0,0
Q2637_C1,0,0,0
Q2637_C2,0,0,0
Q2638_C1,0,0,0
Q2639_C1,0,0,0
Q2639_C2,0,0,0
Q2639_C3,0,0,0
Q2640_C1,1,1,1
Q2640_C2,0.7745042261,0.7950185808,0.7704318195
Q2640_C3,0,0,0
Q2640_C4,0.7745042261,0.7950185808,0.7704318195
Q2641_C1,0,0,0
Q2641_C2,0,0,0
Q2641_C3,0,0,0
Q2641_C4,0,0,0
Q2642_C1,1,1,1
Q2642_C2,0,0,0
Q2642_C3,1,1,1
Q2642_C4,0.2870890992,0.2981370407,0.2891284452
Q2643_C1,0,0,0
Q2643_C2,0,0,0
Q2643_C3,0,0,0
Q2644_C1,0,0,0
Q2644_C2,0,0,0
Q2644_C3,0,0,0
Q2644_C4,0,0,0
Q2645_C1,0,0,0
Q2646_C1,0,0,0
Q2646_C2,0,0,0
Q2646_C3,1,1,1
Q2646_C4,0,0,0
Q2646_C5,0,0,0
Q2646_C6,0,0,0
Q2646_C7,0,0,0
Q2647_C1,0,0,0
Q2647_C2,1,1,1
Q2647_C3,0,0,0
Q2648_C1,0,0,0
Q2648_C2,0,0,0
Q2648_C3,1,1,1
Q2649_C1,0,0,0
Q2649_C2,0,0,0
Q2649_C3,0,0,0
Q2649_C4,0,0,0
Q2649_C5,0,0,0
Q2650_C1,0,0,0
Q2650_C2,1,1,1
Q2650_C3,1,1,1
Q2650_C4,0.3175344021,0.3185361428,0.3124129373
Q2651_C1,0,0,0
Q2652_C1,0,0,0
Q2652_C2,0,0,0
Q2653_C1,0,0,0
Q2653_C2,0,0,0
Q2653_C3,0,0,0
Q2653_C4,0,0,0
Q2653_C5,0,0,0
Q2653_C6,0,0,0
Q2654_C1,0,0,0
Q2654_C2,0,0,0
Q2654_C3,0,0,0
Q2654_C4,0,0,0
Q2654_C5,0,0,0
Q2654_C6,0,0,0
Q2655_C1,0.8570674322,0.8715901013,0.8645290036
Q2655_C2,0.7007527621,0.7255357906,0.711920455
Q2655_C3,0,0,0
Q2655_C4,1,1,1
Q2655_C5,0.5547426356,0.54895978,0.5527145064
Q2655_C6,0,0,0
Q2655_C7,0.7342000587,0.7560261293,0.7419624388
Q2656_C1,0.4806581598,0.4827150395,0.4827263589
Q2656_C2,0,0,0
Q2656_C3,0,0,0
Q2656_C4,0,0,0
Q2656_C5,0,0,0
Q2656_C6,0,0,0
Q2656_C7,0,0,0
Q2656_C8,1,1,1
Q2656_C9,1,1,1
Q2656_C10,0.5193418402,0.5172849605,0.5172736411
Q2656_C11,1,1,1
Q2656_C12,0,0,0
Q2656_C13,0,0,0
Q2656_C14,0,0,0
Q2656_C15,0,0,0
Q2656_C16,1,1,1
Q2656_C17,0,0,0
Q2656_C18,0,0,0
Q2656_C19,0,0,0
Q2656_C20,0,0,0
Q2657_C1,0,0,0
Q2658_C1,1,1,1
Q2658_C2,0,0,0
Q2658_C3,0,0,0
Q2658_C4,0.9362263778,0.9428531346,0.9389513634
Q2658_C5,0.5111053108,0.5472039339,0.5283214529
Q2659_C1,0,0,0
Q2659_C2,1,1,1
Q2659_C3,0,0,0
Q2659_C4,0,0,0
Q2659_C5,0,0,0
Q2659_C6,1,1,1
Q2659_C7,1,1,1
Q2659_C8,0,0,0
Q2659_C9,0,0,0
Q2659_C10,0,0,0
Q2660_C1,1,1,1
Q2660_C2,0,0,0
Q2660_C3,0.9309052991,0.9385393286,0.9298768853
Q2661_C1,0,0,0
Q2661_C2,0,0,0
Q2661_C3,0,0,0
Q2661_C4,0,0,0
Q2662_C1,0,0,0
Q2662_C2,0,0,0
Q2662_C3,0,0,0
Q2662_C4,0,0,0
Q2663_C1,0,0,0
Q2663_C2,1,1,1
Q2663_C3,0,0,0
Q2663_C4,1,1,1
Q2663_C5,0,0,0
Q2663_C6,1,1,1
Q2664_C1,1,1,1
Q2664_C2,0,0,0
Q2664_C3,0,0,0
Q2664_C4,0,0,0
Q2664_C5,0,0,0
Q2664_C6,0,0,0
Q2664_C7,0,0,0
Q2664_C8,0,0,0
Q2664_C9,0,0,0
Q2664_C10,0,0,0
Q2664_C11,0,0,0
Q2664_C12,0,0,0
Q2664_C13,0,0,0
Q2664_C14,0,0,0
Q2664_C15,0,0,0
Q2664_C16,1,1,1
Q2664_C17,0,0,0
Q2664_C18,0,0,0
Q2664_C19,0,0,0
Q2664_C20,0,0,0
Q2664_C21,0,0,0
Q2664_C22,0,0,0
Q2664_C23,0,0,0
Q2664_C24,0,0,0
Q2664_C25,0,0,0
Q2664_C26,0,0,0
Q2664_C27,0,0,0
Q2664_C28,0,0,0
Q2664_C29,0,0,0
Q2664_C30,0,0,0
Q2664_C31,0,0,0
Q2664_C32,0,0,0
Q2665_C1,0,0,0
Q2666_C1,0,0,0
Q2666_C2,0,0,0
Q2666_C3,0,0,0
Q2666_C4,0,0,0
Q2666_C5,0,0,0
Q2666_C6,1,1,1
Q2667_C1,0,0,0
Q2667_C2,0,0,0
Q2667_C3,0,0,0
Q2667_C4,0,0,0
Q2667_C5,0,0,0
Q2667_C6,0,0,0
Q2668_C1,0,0,0
Q2668_C2,0,0,0
Q2668_C3,0,0,0
Q2669_C1,0,0,0
Q2669_C2,0,0,0
Q2669_C3,0,0,0
Q2669_C4,0,0,0
Q2669_C5,0,0,0
Q2669_C6,0,0,0
Q2669_C7,0,0,0
Q2669_C8,0,0,0
Q2670_C1,0,0,0
Q2670_C2,0,0,0
Q2670_C3,0,0,0
Q2671_C1,0,0,0
Q2671_C2,0,0,0
Q2672_C1,0,0,0
Q2672_C2,0,0,0
Q2672_C3,0,0,0
Q2672_C4,0,0,0
Q2672_C5,0,0,0
Q2672_C6,0,0,0
Q2672_C7,0,0,0
Q2673_C1,0,0,0
Q2674_C1,0,0,0
Q2674_C2,0,0,0
Q2674_C3,0,0,0
Q2674_C4,0,0,0
Q2675_C1,1,1,1
Q2675_C2,0,0,0
Q2675_C3,0,0,0
Q2675_C4,1,1,1
Q2675_C5,0,0,0
Q2675_C6,0,0,0
Q2675_C7,0.6303128962,0.6608845693,0.6419828188
Q2675_C8,0,0,0
Q2675_C9,0,0,0
Q2676_C1,0,0,0
Q2677_C1,0,0,0
Q2677_C2,1,1,1
Q2677_C3,1,1,1
Q2677_C4,0,0,0
Q2677_C5,1,1,1
Q2678_C1,0,0,0
Q2678_C2,0,0,0
Q2678_C3,0,0,0
Q2678_C4,1,1,1
Q2678_C5,0,0,0
Q2679_C1,0,0,0
Q2679_C2,1,1,1
Q2679_C3,0,0,0
Q2679_C4,0,0,0
Q2680_C1,0,0,0
Q2680_C2,0,0,0
Q2680_C3,0,0,0
Q2680_C4,0,0,0
Q2681_C1,0,0,0
Q2681_C2,0,0,0
Q2681_C3,1,1,1
Q2681_C4,0,0,0
Q2682_C1,0,0,0
Q2683_C1,0,0,0
Q2683_C2,0,0,0
Q2683_C3,0,0,0
Q2683_C4,0,0,0
Q2683_C5,0,0,0
Q2684_C1,0,0,0
Q2684_C2,0,0,0
Q2684_C3,0,0,0
Q2684_C4,0,0,0
Q2684_C5,0,0,0
Q2684_C6,0,0,0
Q2684_C7,0,0,0
Q2685_C1,1,1,1
Q2685_C2,0,0,0
Q2685_C3,0,0,0
Q2686_C1,0,0,0
Q2687_C1,0,0,0
Q2687_C2,0,0,0
Q2687_C3,0,0,0
Q2688_C1,0,0,0
Q2688_C2,0,0,0
Q2688_C3,0,0,0
Q2688_C4,0,0,0
Q2688_C5,0,0,0
Q2689_C1,0.3981602861,0.4005784742,0.3944983965
Q2689_C2,1,1,1
Q2689_C3,0,0,0
Q2689_C4,0,0,0
Q2689_C5,0.3981602861,0.4005784742,0.3944983965
Q2689_C6,0,0,0
Q2689_C7,0,0,0
Q2689_C8,0,0,0
Q2689_C9,0.6018397139,0.5994215258,0.6055016035
Q2689_C10,0,0,0
Q2689_C11,0,0,0
Q2689_C12,0,0,0
Q2689_C13,0,0,0
Q2689_C14,0,0,0
Q2690_C1,0,0,0
Q2690_C2,0,0,0
Q2690_C3,0,0,0
Q2690_C4,0,0,0
Q2690_C5,0,0,0
Q2690_C6,0,0,0
Q2691_C1,0,0,0
Q2691_C2,1,1,1
Q2691_C3,0,0,0
Q2692_C1,0,0,0
Q2692_C2,0,0,0
Q2692_C3,0,0,0
Q2692_C4,0,0,0
Q2693_C1,0.4502852959,0.4554937453,0.4508122888
Q2693_C2,0,0,0
Q2693_C3,0,0,0
Q2693_C4,0,0,0
Q2693_C5,0,0,0
Q2693_C6,0.4502852959,0.4554937453,0.4508122888
Q2693_C7,1,1,1
Q2693_C8,1,1,1
Q2693_C9,0,0,0
Q2693_C10,0,0,0
Q2693_C11,1,1,1
Q2693_C12,0,0,0
Q2693_C13,1,1,1
Q2693_C14,0,0,0
Q2693_C15,0,0,0
Q2693_C16,1,1,1
Q2693_C17,0,0,0
Q2693_C18,0.4502852959,0.4554937453,0.4508122888
Q2693_C19,0.5497147041,0.5445062547,0.5491877112
Q2693_C20,0,0,0
Q2694_C1,0,0,0
Q2694_C2,0,0,0
Q2694_C3,0,0,0
Q2695_C1,0,0,0
Q2695_C2,0,0,0
Q2695_C3,0,0,0
Q2695_C4,0,0,0
Q2695_C5,0,0,0
Q2696_C1,0,0,0
Q2696_C2,0,0,0
Q2696_C3,0,0,0
Q2696_C4,0,0,0
Q2697_C1,0.5183253828,0.516686499,0.5180581797
Q2697_C2,0,0,0
Q2697_C3,1,1,1
Q2698_C1,0,0,0
Q2698_C2,0,0,0
Q2698_C3,0,0,0
Q2699_C1,0,0,0
Q2699_C2,0,0,0
Q2699_C3,0,0,0
Q2699_C4,0,0,0
Q2699_C5,0,0,0
Q2699_C6,0,0,0
Q2700_C1,0.6944846987,0.7220258075,0.7035609735
Q2700_C2,0,0,0
Q2700_C3,0,0,0
Q2700_C4,0,0,0
Q2700_C5,0,0,0
Q2700_C6,0,0,0
Q2700_C7,0,0,0
Q2700_C8,0,0,0
Q2700_C9,0,0,0
Q2700_C10,1,1,1
Q2700_C11,0,0,0
Q2700_C12,0,0,0
Q2700_C13,0,0,0
Q2700_C14,0,0,0
Q2700_C15,0,0,0
Q2700_C16,0.6944846987,0.7220258075,0.7035609735
Q2701_C1,0,0,0
Q2701_C2,0,0,0
Q2702_C1,0,0,0
Q2703_C1,0,0,0
Q2703_C2,0,0,0
Q2704_C1,0,0,0
Q2704_C2,0,0,0
Q2704_C3,0,0,0
Q2704_C4,0,0,0
Q2705_C1,1,1,1
Q2705_C2,1,1,1
Q2705_C3,0,0,0
Q2706_C1,0,0,0
Q2706_C2,0,0,0
Q2707_C1,0,0,0
Q2707_C2,1,1,1
Q2707_C3,0,0,0
Q2708_C1,0,0,0
Q2708_C2,0,0,0
Q2708_C3,1,1,1
Q2708_C4,0,0,0
Q2708_C5,1,1,1
Q2708_C6,0,0,0
Q2708_C7,0,0,0
Q2708_C8,1,1,1
Q2708_C9,0,0,0
Q2708_C10,0,0,0
Q2708_C11,1,1,1
Q2708_C12,0,0,0
Q2708_C13,1,1,1
Q2708_C14,0,0,0
Q2708_C15,0,0,0
Q2708_C16,0,0,0
Q2708_C17,0,0,0
Q2709_C1,0,0,0
Q2709_C2,0,0,0
Q2710_C1,0,0,0
Q2710_C2,0,0,0
Q2710_C3,1,1,1
Q2710_C4,0,0,0
Q2710_C5,0,0,0
Q2711_C1,0,0,0
Q2711_C2,0,0,0
Q2711_C3,0,0,0
Q2711_C4,0,0,0
Q2712_C1,1,1,1
Q2712_C2,0,0,0
Q2713_C1,0,0,0
Q2713_C2,0,0,0
Q2714_C1,0,0,0
Q2714_C2,0,0,0
Q2714_C3,0,0,0
Q2714_C4,0,0,0
Q2715_C1,1,1,1
Q2715_C2,0,0,0
Q2715_C3,0,0,0
Q2715_C4,0,0,0
Q2715_C5,0,0,0
Q2716_C1,0,0,0
Q2716_C2,0,0,0
Q2716_C3,0,0,0
Q2716_C4,0,0,0
Q2716_C5,0,0,0
Q2717_C1,1,1,1
Q2717_C2,1,1,1
Q2717_C3,0,0,0
Q2717_C4,1,1,1
Q2717_C5,1,1,1
Q2717_C6,1,1,1
Q2717_C7,1,1,1
Q2717_C8,0,0,0
Q2717_C9,1,1,1
Q2717_C10,1,1,1
Q2718_C1,0,0,0
Q2718_C2,0,0,0
Q2718_C3,1,1,1
Q2718_C4,0.2784997399,0.2952562789,0.2856040119
Q2718_C5,0.2784997399,0.2952562789,0.2856040119
Q2718_C6,0,0,0
Q2718_C7,0,0,0
Q2718_C8,0.5066965141,0.5077313089,0.5005414815
Q2719_C1,0,0,0
Q2719_C2,0,0,0
Q2719_C3,0,0,0
Q2719_C4,0,0,0
Q2719_C5,0,0,0
Q2719_C6,0,0,0
Q2719_C7,0,0,0
Q2720_C1,0,0,0
Q2720_C2,0,0,0
Q2720_C3,0,0,0
Q2721_C1,0,0,0
Q2721_C2,0,0,0
Q2721_C3,1,1,1
Q2721_C4,0,0,0
Q2721_C5,1,1,1
Q2721_C6,1,1,1
Q2722_C1,0,0,0
Q2722_C2,0,0,0
Q2722_C3,0,0,0
Q2722_C4,0,0,0
Q2722_C5,0,0,0
Q2723_C1,0,0,0
Q2723_C2,0,0,0
Q2723_C3,0,0,0
Q2723_C4,0,0,0
Q2724_C1,0,0,0
Q2724_C2,0,0,0
Q2724_C3,0,0,0
Q2724_C4,0,0,0
Q2725_C1,0,0,0
Q2726_C1,0,0,0
Q2726_C2,0,0,0
Q2726_C3,0,0,0
Q2726_C4,0,0,0
Q2727_C1,0,0,0
Q2727_C2,0,0,0
Q2727_C3,0,0,0
Q2728_C1,0,0,0
Q2728_C2,0,0,0
Q2728_C3,1,1,1
Q2728_C4,1,1,1
Q2729_C1,0,0,0
Q2730_C1,1,1,1
Q2730_C2,0,0,0
Q2730_C3,0,0,0
Q2730_C4,0,0,0
Q2730_C5,0,0,0
Q2730_C6,0,0,0
Q2731_C1,0,0,0
Q2731_C2,0,0,0
Q2731_C3,1,1,1
Q2731_C4,0.6276406065,0.6146175247,0.6229503242
Q2732_C1,0,0,0
Q2732_C2,0,0,0
Q2732_C3,0,0,0
Q2732_C4,0,0,0
Q2732_C5,0,0,0
Q2733_C1,0,0,0
Q2734_C1,0,0,0
Q2734_C2,0,0,0
Q2734_C3,0,0,0
Q2734_C4,0,0,0
Q2734_C5,0,0,0
Q2734_C6,0,0,0
Q2734_C7,1,1,1
Q2734_C8,0,0,0
Q2734_C9,0,0,0
Q2734_C10,0,0,0
Q2734_C11,0,0,0
Q2734_C12,0,0,0
Q2734_C13,1,1,1
Q2734_C14,1,1,1
Q2734_C15,0,0,0
Q2734_C16,0,0,0
Q2734_C17,0,0,0
Q2734_C18,0,0,0
Q2735_C1,0,0,0
Q2735_C2,0,0,0
Q2735_C3,0,0,0
Q2735_C4,0,0,0
Q2735_C5,0,0,0
Q2736_C1,1,1,1
Q2736_C2,0,0,0
Q2736_C3,0,0,0
Q2737_C1,0,0,0
Q2737_C2,0,0,0
Q2737_C3,0,0,0
Q2737_C4,0,0,0
Q2738_C1,0,0,0
Q2738_C2,0,0,0
Q2738_C3,1,1,1
Q2738_C4,0.2943631775,0.3209637262,0.3018333374
Q2738_C5,1,1,1
Q2738_C6,0,0,0
Q2738_C7,0,0,0
Q2738_C8,0,0,0
Q2738_C9,0,0,0
Q2738_C10,1,1,1
Q2738_C11,0,0,0
Q2739_C1,0,0,0
Q2739_C2,0,0,0
Q2739_C3,0,0,0
Q2739_C4,0,0,0
Q2739_C5,0,0,0
Q2739_C6,0,0,0
Q2739_C7,0,0,0
Q2739_C8,0,0,0
Q2740_C1,0,0,0
Q2740_C2,0,0,0
Q2740_C3,0,0,0
Q2740_C4,0,0,0
Q2741_C1,0,0,0
Q2741_C2,0,0,0
Q2741_C3,0,0,0
Q2741_C4,0,0,0
Q2742_C1,0,0,0
Q2742_C2,0,0,0
Q2742_C3,0,0,0
Q2743_C1,0,0,0
Q2743_C2,0,0,0
Q2743_C3,1,1,1
Q2743_C4,0.3861589451,0.3977280798,0.390002386
Q2743_C5,0,0,0
Q2743_C6,1,1,1
Q2743_C7,1,1,1
Q2743_C8,0,0,0
Q2744_C1,0,0,0
Q2744_C2,0,0,0
Q2744_C3,0,0,0
Q2744_C4,0,0,0
Q2744_C5,0,0,0
Q2744_C6,0,0,0
Q2744_C7,0,0,0
Q2744_C8,0,0,0
Q2744_C9,0,0,0
Q2744_C10,0,0,0
Q2745_C1,0,0,0
Q2745_C2,0,0,0
Q2745_C3,0,0,0
Q2745_C4,0,0,0
Q2745_C5,0,0,0
Q2745_C6,0,0,0
Q2745_C7,0,0,0
Q2745_C8,0,0,0
Q2745_C9,0,0,0
Q2746_C1,0,0,0
Q2746_C2,0,0,0
Q2746_C3,0,0,0
Q2746_C4,0,0,0
Q2746_C5,0,0,0
Q2746_C6,1,1,1
Q2746_C7,1,1,1
Q2746_C8,0,0,0
Q2746_C9,1,1,1
Q2746_C10,0,0,0
Q2747_C1,1,1,1
Q2747_C2,0,0,0
Q2747_C3,0,0,0
Q2748_C1,0,0,0
Q2748_C2,0,0,0
Q2748_C3,0,0,0
Q2748_C4,0,0,0
Q2749_C1,0,0,0
Q2749_C2,1,1,1
Q2749_C3,0,0,0
Q2749_C4,1,1,1
Q2750_C1,0,0,0
Q2751_C1,0,0,0
Q2751_C2,0,0,0
Q2752_C1,0,0,0
Q2752_C2,0.5056010164,0.5185722621,0.5082625764
Q2752_C3,0,0,0
Q2752_C4,0,0,0
Q2752_C5,0,0,0
Q2752_C6,0,0,0
Q2752_C7,0,0,0
Q2752_C8,0,0,0
Q2752_C9,0.4943989836,0.4814277379,0.4917374236
Q2752_C10,0,0,0
Q2752_C11,0,0,0
Q2752_C12,0,0,0
Q2752_C13,0,0,0
Q2752_C14,0,0,0
Q2752_C15,0,0,0
Q2752_C16,0,0,0
Q2752_C17,0.4943989836,0.4814277379,0.4917374236
Q2752_C18,1,1,1
Q2752_C19,0,0,0
Q2752_C20,0.5056010164,0.5185722621,0.5082625764
Q2752_C21,0,0,0
Q2752_C22,0.4943989836,0.4814277379,0.4917374236
Q2752_C23,0,0,0
Q2752_C24,0.4943989836,0.4814277379,0.4917374236
Q2752_C25,0,0,0
Q2752_C26,0,0,0
Q2752_C27,0,0,0
Q2752_C28,0,0,0
Q2752_C29,0,0,0
Q2752_C30,0.4108075512,0.4073982819,0.4117330756
Q2753_C1,0,0,0
Q2753_C2,0,0,0
Q2753_C3,0,0,0
Q2753_C4,0,0,0
Q2753_C5,0,0,0
Q2754_C1,0,0,0
Q2755_C1,0,0,0
Q2755_C2,0,0,0
Q2755_C3,0,0,0
Q2755_C4,0,0,0
Q2755_C5,0,0,0
Q2755_C6,0,0,0
Q2755_C7,0,0,0
Q2756_C1,0,0,0
Q2756_C2,0,0,0
Q2756_C3,0,0,0
Q2756_C4,0,0,0
Q2756_C5,0,0,0
Q2756_C6,0,0,0
Q2757_C1,0,0,0
Q2757_C2,0,0,0
Q2757_C3,0,0,0
Q2757_C4,0,0,0
Q2758_C1,0,0,0
Q2758_C2,0,0,0
Q2758_C3,0,0,0
Q2759_C1,1,1,1
Q2759_C2,0.262945365,0.2870105317,0.2615836394
Q2759_C3,0.4686375911,0.4707510345,0.4581306216
Q2759_C4,0,0,0
Q2760_C1,0.6656010618,0.6930457431,0.6622578196
Q2760_C2,0.3526217777,0.3658394231,0.3578537599
Q2760_C3,0,0,0
Q2760_C4,0.3129792842,0.3272063201,0.3044040597
Q2760_C5,0.3129792842,0.3272063201,0.3044040597
Q2760_C6,0.3129792842,0.3272063201,0.3044040597
Q2760_C7,0.3129792842,0.3272063201,0.3044040597
Q2760_C8,0.6656010618,0.6930457431,0.6622578196
Q2760_C9,0.3526217777,0.3658394231,0.3578537599
Q2760_C10,0.6656010618,0.6930457431,0.6622578196
Q2760_C11,0.6656010618,0.6930457431,0.6622578196
Q2760_C12,1,1,1
Q2760_C13,0,0,0
Q2761_C1,0,0,0
Q2761_C2,0,0,0
Q2761_C3,0,0,0
Q2762_C1,0,0,0
Q2762_C2,0,0,0
Q2762_C3,0,0,0
Q2762_C4,0,0,0
Q2763_C1,0,0,0
Q2763_C2,0,0,0
Q2763_C3,0,0,0
Q2763_C4,0,0,0
Q2763_C5,0,0,0
Q2764_C1,0,0,0
Q2764_C2,0,0,0
Q2764_C3,0,0,0
Q2765_C1,0,0,0
Q2765_C2,0,0,0
Q2765_C3,0,0,0
Q2765_C4,0,0,0
Q2766_C1,1,1,1
Q2766_C2,0,0,0
Q2766_C3,0,0,0
Q2767_C1,1,1,1
Q2767_C2,0,0,0
Q2767_C3,0,0,0
Q2768_C1,0,0,0
Q2768_C2,0,0,0
Q2768_C3,0,0,0
Q2769_C1,0,0,0
Q2770_C1,0,0,0
Q2770_C2,0,0,0
Q2770_C3,1,1,1
Q2770_C4,0,0,0
Q2770_C5,0,0,0
Q2771_C1,0,0,0
Q2771_C2,0.1546437953,0.1679466747,0.1581054387
Q2771_C3,0,0,0
Q2771_C4,0,0,0
Q2771_C5,0.419307023,0.4277844387,0.4211373683
Q2771_C6,0,0,0
Q2771_C7,0,0,0
Q2771_C8,1,1,1
Q2771_C9,0,0,0
Q2771_C10,0,0,0
Q2771_C11,0,0,0
Q2771_C12,0.419307023,0.4277844387,0.4211373683
Q2771_C13,0.419307023,0.4277844387,0.4211373683
Q2771_C14,0.419307023,0.4277844387,0.4211373683
Q2771_C15,0,0,0
Q2771_C16,0,0,0
Q2771_C17,0,0,0
Q2771_C18,0.5739508183,0.5957311134,0.5792428069
Q2772_C1,0,0,0
Q2772_C2,0,0,0
Q2772_C3,0,0,0
Q2772_C4,0,0,0
Q2772_C5,0,0,0
Q2772_C6,0.6821853281,0.6805253629,0.6811233647
Q2772_C7,0.6454756446,0.6477720107,0.6478479614
Q2772_C8,0.3276609728,0.3282973736,0.328971326
Q2772_C9,0,0,0
Q2772_C10,0,0,0
Q2772_C11,0.3276609728,0.3282973736,0.328971326
Q2772_C12,0,0,0
Q2772_C13,0,0,0
Q2772_C14,0.3276609728,0.3282973736,0.328971326
Q2772_C15,1,1,1
Q2772_C16,0,0,0
Q2772_C17,0,0,0
Q2772_C18,0.3276609728,0.3282973736,0.328971326
Q2772_C19,0,0,0
Q2772_C20,0.3276609728,0.3282973736,0.328971326
Q2772_C21,0.6821853281,0.6805253629,0.6811233647
Q2772_C22,0,0,0
Q2773_C1,0,0,0
Q2774_C1,0.3660649771,0.3664406637,0.3662832322
Q2774_C2,0.3660649771,0.3664406637,0.3662832322
Q2774_C3,0.406943333,0.4028021113,0.4070854896
Q2774_C4,0,0,0
Q2774_C5,0,0,0
Q2774_C6,1,1,1
Q2775_C1,0,0,0
Q2775_C2,0,0,0
Q2775_C3,0,0,0
Q2775_C4,0,0,0
Q2775_C5,0,0,0
Q2775_C6,0,0,0
Q2776_C1,0.3257848706,0.3268597508,0.3283436352
Q2776_C2,0.2875045057,0.292173645,0.2933312112
Q2776_C3,0,0,0
Q2776_C4,0,0,0
Q2776_C5,0,0,0
Q2776_C6,0,0,0
Q2776_C7,0.6132893762,0.6190333958,0.6216748464
Q2776_C8,0.3257848706,0.3268597508,0.3283436352
Q2776_C9,0,0,0
Q2776_C10,0,0,0
Q2776_C11,0,0,0
Q2776_C12,0,0,0
Q2776_C13,1,1,1
Q2776_C14,0,0,0
Q2776_C15,0,0,0
Q2776_C16,0,0,0
Q2776_C17,0,0,0
Q2777_C1,0,0,0
Q2777_C2,0,0,0
Q2777_C3,0,0,0
Q2777_C4,0,0,0
Q2778_C1,0,0,0
Q2778_C2,1,1,1
Q2778_C3,0,0,0
Q2778_C4,0,0,0
Q2778_C5,0.2382165872,0.2538137467,0.2412211747
Q2779_C1,0,0,0
Q2779_C2,0,0,0
Q2779_C3,0,0,0
Q2779_C4,0,0,0
Q2779_C5,0,0,0
Q2779_C6,0,0,0
Q2779_C7,0,0,0
Q2779_C8,0,0,0
Q2779_C9,0,0,0
Q2779_C10,0,0,0
Q2779_C11,0,0,0
Q2779_C12,0,0,0
Q2779_C13,0,0,0
Q2779_C14,0,0,0
Q2779_C15,0,0,0
Q2779_C16,0,0,0
Q2779_C17,0,0,0
Q2779_C18,0,0,0
Q2779_C19,0,0,0
Q2779_C20,0,0,0
Q2779_C21,0,0,0
Q2779_C22,0,0,0
Q2779_C23,0,0,0
Q2780_C1,0,0,0
Q2781_C1,1,1,1
Q2781_C2,0.502149257,0.5019222967,0.5003561656
Q2781_C3,0.502149257,0.5019222967,0.5003561656
Q2781_C4,0,0,0
Q2782_C1,0,0,0
Q2782_C2,0,0,0
Q2783_C1,0,0,0
Q2784_C1,0,0,0
Q2784_C2,1,1,1
Q2785_C1,0,0,0
Q2786_C1,0.3901713912,0.3846635875,0.3889529826
Q2786_C2,0,0,0
Q2786_C3,0,0,0
Q2786_C4,1,1,1
Q2787_C1,1,1,1
Q2787_C2,0,0,0
Q2787_C3,0,0,0
Q2787_C4,0,0,0
Q2788_C1,0,0,0
Q2788_C2,0,0,0
Q2788_C3,0,0,0
Q2788_C4,0,0,0
Q2789_C1,0,0,0
Q2789_C2,0,0,0
Q2789_C3,0,0,0
Q2789_C4,0,0,0
Q2790_C1,0,0,0
Q2790_C2,0,0,0
Q2790_C3,0,0,0
Q2791_C1,0,0,0
Q2791_C2,0,0,0
Q2791_C3,0,0,0
Q2791_C4,0,0,0
Q2791_C5,0,0,0
Q2791_C6,0,0,0
Q2792_C1,0,0,0
Q2792_C2,0,0,0
Q2792_C3,0,0,0
Q2792_C4,0,0,0
Q2793_C1,0,0,0
Q2793_C2,0,0,0
Q2793_C3,0,0,0
Q2793_C4,0,0,0
Q2793_C5,0,0,0
Q2793_C6,0,0,0
Q2793_C7,0,0,0
Q2793_C8,0,0,0
Q2793_C9,0,0,0
Q2793_C10,0,0,0
Q2793_C11,0,0,0
Q2793_C12,0,0,0
Q2793_C13,0,0,0
Q2793_C14,0,0,0
Q2793_C15,0,0,0
Q2794_C1,0.6255856613,0.6127388831,0.6210427474
Q2794_C2,1,1,1
Q2794_C3,0,0,0
Q2795_C1,0,0,0
Q2796_C1,0,0,0
Q2796_C2,0,0,0
Q2796_C3,0,0,0
Q2796_C4,0,0,0
Q2797_C1,0,0,0
Q2797_C2,0,0,0
Q2797_C3,0,0,0
Q2797_C4,0,0,0
Q2797_C5,1,1,1
Q2797_C6,0,0,0
Q2797_C7,1,1,1
Q2797_C8,0,0,0
Q2797_C9,1,1,1
Q2797_C10,0,0,0
Q2797_C11,0,0,0
Q2797_C12,0,0,0
Q2797_C13,0,0,0
Q2797_C14,0,0,0
Q2797_C15,0,0,0
Q2797_C16,0,0,0
Q2797_C17,1,1,1
Q2797_C18,1,1,1
Q2797_C19,0,0,0
Q2797_C20,0,0,0
Q2797_C21,1,1,1
Q2797_C22,0,0,0
Q2797_C23,0,0,0
Q2798_C1,0,0,0
Q2798_C2,0,0,0
Q2799_C1,0,0,0
Q2799_C2,0,0,0
Q2799_C3,0,0,0
Q2799_C4,0,0,0
Q2799_C5,0,0,0
Q2799_C6,0,0,0
Q2800_C1,0,0,0
Q2801_C1,0.6505617573,0.6391595948,0.6417366749
Q2801_C2,1,1,1
Q2801_C3,0,0,0
Q2801_C4,1,1,1
Q2801_C5,0.6505617573,0.6391595948,0.6417366749
Q2801_C6,0,0,0
Q2801_C7,0.6505617573,0.6391595948,0.6417366749
Q2801_C8,0.6505617573,0.6391595948,0.6417366749
Q2801_C9,0,0,0
Q2801_C10,0,0,0
Q2802_C1,0,0,0
Q2802_C2,0.4039343397,0.39713825,0.4029561969
Q2802_C3,0,0,0
Q2802_C4,0.4039343397,0.39713825,0.4029561969
Q2802_C5,1,1,1
Q2802_C6,0.4039343397,0.39713825,0.4029561969
Q2802_C7,0,0,0
Q2802_C8,0,0,0
Q2802_C9,0.2376101163,0.2459688652,0.2393064086
Q2802_C10,0,0,0
Q2802_C11,0.4039343397,0.39713825,0.4029561969
Q2802_C12,0.7623898837,0.7540311348,0.7606935914
Q2802_C13,0.7623898837,0.7540311348,0.7606935914
Q2802_C14,0,0,0
Q2803_C1,0,0,0
Q2803_C2,0,0,0
Q2804_C1,1,1,1
Q2804_C2,0.4193504742,0.4278074369,0.4223607563
Q2804_C3,0.4193504742,0.4278074369,0.4223607563
Q2804_C4,0,0,0
Q2804_C5,1,1,1
Q2804_C6,0,0,0
Q2804_C7,0,0,0
Q2805_C1,0,0,0
Q2806_C1,1,1,1
Q2806_C2,0,0,0
Q2806_C3,1,1,1
Q2806_C4,1,1,1
Q2806_C5,1,1,1
Q2806_C6,0,0,0
Q2807_C1,0,0,0
Q2807_C2,0,0,0
Q2807_C3,0,0,0
Q2807_C4,0,0,0
Q2808_C1,0,0,0
Q2808_C2,0,0,0
Q2808_C3,0,0,0
Q2808_C4,0,0,0
Q2808_C5,0,0,0
Q2809_C1,0,0,0
Q2809_C2,0,0,0
Q2809_C3,0.4445545398,0.4387286099,0.4439432735
Q2809_C4,0.4445545398,0.4387286099,0.4439432735
Q2809_C5,0,0,0
Q2809_C6,0,0,0
Q2809_C7,0.4445545398,0.4387286099,0.4439432735
Q2809_C8,0,0,0
Q2809_C9,0,0,0
Q2809_C10,0,0,0
Q2809_C11,0,0,0
Q2809_C12,0,0,0
Q2809_C13,0.2413421388,0.2441944575,0.2393790288
Q2809_C14,0,0,0
Q2809_C15,1,1,1
Q2809_C16,0.2413421388,0.2441944575,0.2393790288
Q2809_C17,0.4445545398,0.4387286099,0.4439432735
Q2809_C18,0.4445545398,0.4387286099,0.4439432735
Q2809_C19,0.4445545398,0.4387286099,0.4439432735
Q2809_C20,0,0,0
Q2809_C21,0,0,0
Q2809_C22,0.4445545398,0.4387286099,0.4439432735
Q2809_C23,0,0,0
Q2809_C24,0,0,0
Q2810_C1,0,0,0
Q2811_C1,0,0,0
Q2811_C2,0,0,0
Q2811_C3,0,0,0
Q2811_C4,0,0,0
Q2811_C5,0.7799691461,0.8001830334,0.7922169771
Q2811_C6,0.7799691461,0.8001830334,0.7922169771
Q2811_C7,0,0,0
Q2811_C8,1,1,1
Q2811_C9,1,1,1
Q2811_C10,0,0,0
Q2812_C1,0,0,0
Q2812_C2,0,0,0
Q2812_C3,0,0,0
Q2812_C4,0,0,0
Q2812_C5,0,0,0
Q2812_C6,0,0,0
Q2813_C1,0,0,0
Q2813_C2,0,0,0
Q2813_C3,0,0,0
Q2813_C4,0,0,0
Q2814_C1,0,0,0
Q2814_C2,0,0,0
Q2814_C3,0,0,0
Q2814_C4,0,0,0
Q2814_C5,0,0,0
Q2814_C6,0,0,0
Q2814_C7,0,0,0
Q2815_C1,0,0,0
Q2815_C2,0,0,0
Q2815_C3,0,0,0
Q2815_C4,0,0,0
Q2816_C1,0,0,0
Q2816_C2,0,0,0
Q2816_C3,1,1,1
Q2817_C1,1,1,1
Q2817_C2,0,0,0
Q2817_C3,0,0,0
Q2817_C4,0,0,0
Q2817_C5,0,0,0
Q2817_C6,0,0,0
Q2817_C7,0,0,0
Q2818_C1,0,0,0
Q2818_C2,0,0,0
Q2818_C3,0,0,0
Q2818_C4,0,0,0
Q2818_C5,0,0,0
Q2818_C6,0,0,0
Q2819_C1,1,1,1
Q2819_C2,0,0,0
Q2819_C3,0,0,0
Q2819_C4,0,0,0
Q2819_C5,1,1,1
Q2819_C6,1,1,1
Q2819_C7,1,1,1
Q2819_C8,0,0,0
Q2819_C9,1,1,1
Q2820_C1,0,0,0
Q2820_C2,0,0,0
Q2820_C3,0,0,0
Q2821_C1,0,0,0
Q2822_C1,0,0,0
Q2822_C2,0,0,0
Q2822_C3,0,0,0
Q2822_C4,0,0,0
Q2823_C1,0,0,0
Q2823_C2,0,0,0
Q2823_C3,0,0,0
Q2823_C4,0,0,0
Q2823_C5,0,0,0
Q2824_C1,0,0,0
Q2824_C2,0,0,0
Q2824_C3,0,0,0
Q2824_C4,1,1,1
Q2825_C1,0,0,0
Q2825_C2,0,0,0
Q2825_C3,0,0,0
Q2826_C1,0,0,0
Q2827_C1,0,0,0
Q2827_C2,0,0,0
Q2827_C3,0,0,0
Q2828_C1,0,0,0
Q2828_C2,0,0,0
Q2828_C3,0,0,0
Q2828_C4,0,0,0
Q2829_C1,0,0,0
Q2829_C2,0.3225740884,0.3356653327,0.3243313416
Q2829_C3,0,0,0
Q2829_C4,1,1,1
Q2829_C5,0.3225740884,0.3356653327,0.3243313416
Q2829_C6,0,0,0
Q2829_C7,1,1,1
Q2829_C8,0,0,0
Q2829_C9,0,0,0
Q2830_C1,0,0,0
Q2831_C1,0,0,0
Q2831_C2,0,0,0
Q2831_C3,0,0,0
Q2831_C4,0,0,0
Q2832_C1,0,0,0
Q2832_C2,0,0,0
Q2832_C3,1,1,1
Q2833_C1,0,0,0
Q2833_C2,0,0,0
Q2833_C3,0,0,0
Q2833_C4,0,0,0
Q2833_C5,0,0,0
Q2834_C1,0.8191219025,0.801353873,0.8136830711
Q2834_C2,1,1,1
Q2834_C3,0,0,0
Q2834_C4,0,0,0
Q2834_C5,0,0,0
Q2835_C1,0,0,0
Q2835_C2,0,0,0
Q2835_C3,0,0,0
Q2835_C4,0,0,0
Q2835_C5,0,0,0
Q2836_C1,0,0,0
Q2836_C2,0,0,0
Q2836_C3,0,0,0
Q2836_C4,0,0,0
Q2836_C5,0,0,0
Q2836_C6,0,0,0
Q2836_C7,0,0,0
Q2837_C1,0,0,0
Q2838_C1,0,0,0
Q2838_C2,0,0,0
Q2838_C3,0,0,0
Q2838_C4,0,0,0
Q2838_C5,0,0,0
Q2839_C1,0,0,0
Q2839_C2,0,0,0
Q2839_C3,0,0,0
Q2840_C1,0,0,0
Q2840_C2,0,0,0
Q2840_C3,0,0,0
Q2840_C4,0,0,0
Q2841_C1,0,0,0
Q2841_C2,0,0,0
Q2841_C3,0,0,0
Q2841_C4,0,0,0
Q2842_C1,0,0,0
Q2842_C2,0,0,0
Q2842_C3,0,0,0
Q2842_C4,0,0,0
Q2842_C5,0,0,0
Q2843_C1,0.672483324,0.6718069174,0.6760828846
Q2843_C2,0,0,0
Q2843_C3,0,0,0
Q2843_C4,1,1,1
Q2843_C5,0.3683303791,0.3650806574,0.3677399565
Q2843_C6,0.327516676,0.3281930826,0.3239171154
Q2843_C7,1,1,1
Q2843_C8,0.6958470551,0.69327374,0.6916570719
Q2843_C9,0.672483324,0.6718069174,0.6760828846
Q2844_C1,0,0,0
Q2844_C2,0,0,0
Q2844_C3,0,0,0
Q2844_C4,0,0,0
Q2844_C5,0,0,0
Q2845_C1,0,0,0
Q2845_C2,0,0,0
Q2845_C3,0,0,0
Q2846_C1,0,0,0
Q2846_C2,0,0,0
Q2846_C3,0,0,0
Q2846_C4,0,0,0
Q2847_C1,0,0,0
Q2847_C2,0,0,0
Q2848_C1,0,0,0
Q2848_C2,0,0,0
Q2848_C3,0,0,0
Q2848_C4,0,0,0
Q2848_C5,0,0,0
Q2848_C6,0,0,0
Q2849_C1,0,0,0
Q2849_C2,0,0,0
Q2849_C3,0,0,0
Q2849_C4,0,0,0
Q2849_C5,0.805745072,0.8242182118,0.8123143941
Q2849_C6,0,0,0
Q2849_C7,0,0,0
Q2849_C8,0.805745072,0.8242182118,0.8123143941
Q2849_C9,0,0,0
Q2849_C10,0,0,0
Q2849_C11,0,0,0
Q2849_C12,0,0,0
Q2849_C13,1,1,1
Q2849_C14,1,1,1
Q2849_C15,0,0,0
Q2849_C16,0,0,0
Q2849_C17,0,0,0
Q2850_C1,0,0,0
Q2850_C2,0,0,0
Q2850_C3,0,0,0
Q2850_C4,0,0,0
Q2850_C5,0,0,0
Q2850_C6,0,0,0
Q2851_C1,0,0,0
Q2851_C2,0,0,0
Q2851_C3,0,0,0
Q2852_C1,0,0,0
Q2853_C1,0,0,0
Q2854_C1,0,0,0
Q2854_C2,0,0,0
Q2855_C1,0,0,0
Q2855_C2,0,0,0
Q2855_C3,0,0,0
Q2855_C4,0,0,0
Q2855_C5,0,0,0
Q2856_C1,0,0,0
Q2856_C2,0,0,0
Q2856_C3,0,0,0
Q2856_C4,0,0,0
Q2857_C1,0,0,0
Q2857_C2,0,0,0
Q2857_C3,0,0,0
Q2857_C4,0,0,0
Q2857_C5,0,0,0
Q2857_C6,0,0,0
Q2857_C7,0,0,0
Q2858_C1,0,0,0
Q2858_C2,1,1,1
Q2858_C3,0,0,0
Q2858_C4,0.603107128,0.5964983928,0.5980755039
Q2858_C5,0.603107128,0.5964983928,0.5980755039
Q2858_C6,0,0,0
Q2858_C7,0,0,0
Q2858_C8,0.603107128,0.5964983928,0.5980755039
Q2858_C9,0.396892872,0.4035016072,0.4019244961
Q2859_C1,1,1,1
Q2859_C2,0,0,0
Q2859_C3,0.663197,0.6634763409,0.6625340358
Q2859_C4,0,0,0
Q2860_C1,1,1,1
Q2860_C2,0.4124151998,0.4215587122,0.4172241857
Q2860_C3,0,0,0
Q2860_C4,0,0,0
Q2861_C1,0,0,0
Q2861_C2,0,0,0
Q2861_C3,0,0,0
Q2861_C4,0,0,0
Q2861_C5,0,0,0
Q2861_C6,0,0,0
Q2862_C1,0,0,0
Q2862_C2,0,0,0
Q2862_C3,0,0,0
Q2862_C4,0,0,0
Q2862_C5,0,0,0
Q2862_C6,0,0,0
Q2862_C7,0,0,0
Q2863_C1,0,0,0
Q2863_C2,0,0,0
Q2863_C3,0,0,0
Q2863_C4,0,0,0
Q2863_C5,0,0,0
Q2864_C1,0,0,0
Q2864_C2,0,0,0
Q2864_C3,0,0,0
Q2864_C4,1,1,1
Q2864_C5,1,1,1
Q2864_C6,1,1,1
Q2864_C7,0,0,0
Q2864_C8,1,1,1
Q2864_C9,0,0,0
Q2864_C10,0,0,0
Q2864_C11,1,1,1
Q2864_C12,0,0,0
Q2865_C1,0,0,0
Q2865_C2,0,0,0
Q2865_C3,0,0,0
Q2865_C4,0,0,0
Q2865_C5,0,0,0
Q2866_C1,0,0,0
Q2867_C1,0,0,0
Q2867_C2,1,1,1
Q2867_C3,0,0,0
Q2867_C4,0,0,0
Q2868_C1,0.5795291984,0.5714257731,0.5802771205
Q2868_C2,1,1,1
Q2868_C3,0,0,0
Q2868_C4,0,0,0
Q2868_C5,0,0,0
Q2868_C6,0,0,0
Q2869_C1,1,1,1
Q2869_C2,0,0,0
Q2869_C3,0,0,0
Q2869_C4,1,1,1
Q2870_C1,0,0,0
Q2870_C2,0,0,0
Q2870_C3,0,0,0
Q2870_C4,1,1,1
Q2870_C5,0,0,0
Q2870_C6,0,0,0
Q2870_C7,1,1,1
Q2870_C8,0,0,0
Q2870_C9,0,0,0
Q2871_C1,0,0,0
Q2871_C2,0,0,0
Q2871_C3,0,0,0
Q2871_C4,0,0,0
Q2871_C5,0,0,0
Q2871_C6,0,0,0
Q2872_C1,0,0,0
Q2872_C2,0,0,0
Q2872_C3,0,0,0
Q2872_C4,0,0,0
Q2872_C5,0,0,0
Q2872_C6,0,0,0
Q2872_C7,0,0,0
Q2873_C1,0,0,0
Q2873_C2,0,0,0
Q2873_C3,1,1,1
Q2873_C4,1,1,1
Q2874_C1,1,1,1
Q2874_C2,0,0,0
Q2874_C3,0.5863284279,0.578980093,0.5846662644
Q2874_C4,0,0,0
Q2874_C5,0,0,0
Q2875_C1,0,0,0
Q2875_C2,0,0,0
Q2875_C3,1,1,1
Q2875_C4,1,1,1
Q2875_C5,1,1,1
Q2875_C6,0,0,0
Q2875_C7,0,0,0
Q2875_C8,0,0,0
Q2875_C9,1,1,1
Q2875_C10,0,0,0
Q2875_C11,0,0,0
Q2875_C12,0,0,0
Q2875_C13,1,1,1
Q2875_C14,0,0,0
Q2875_C15,0,0,0
Q2875_C16,0,0,0
Q2875_C17,0,0,0
Q2875_C18,1,1,1
Q2875_C19,0,0,0
Q2875_C20,0,0,0
Q2875_C21,1,1,1
Q2875_C22,1,1,1
Q2875_C23,0,0,0
Q2875_C24,0,0,0
Q2875_C25,1,1,1
Q2876_C1,0,0,0
Q2876_C2,0,0,0
Q2876_C3,0,0,0
Q2877_C1,0,0,0
Q2877_C2,0,0,0
Q2877_C3,0,0,0
Q2877_C4,0,0,0
Q2877_C5,0,0,0
Q2877_C6,0,0,0
Q2878_C1,1,1,1
Q2878_C2,0,0,0
Q2878_C3,0,0,0
Q2879_C1,0.3667944125,0.3633948531,0.3614814922
Q2879_C2,0,0,0
Q2879_C3,0.3335322441,0.3336623918,0.3342717349
Q2879_C4,1,1,1
Q2879_C5,0,0,0
Q2879_C6,0,0,0
Q2879_C7,0,0,0
Q2879_C8,0,0,0
Q2879_C9,0,0,0
Q2879_C10,1,1,1
Q2879_C11,0.6664677559,0.6663376082,0.6657282651
Q2879_C12,0.3335322441,0.3336623918,0.3342717349
Q2879_C13,0,0,0
Q2879_C14,0.3335322441,0.3336623918,0.3342717349
Q2880_C1,0,0,0
Q2880_C2,0,0,0
Q2880_C3,0,0,0
Q2880_C4,0,0,0
Q2880_C5,0,0,0
Q2880_C6,0,0,0
Q2880_C7,0,0,0
Q2880_C8,0,0,0
Q2881_C1,0,0,0
Q2881_C2,0,0,0
Q2881_C3,0,0,0
Q2881_C4,0,0,0
Q2882_C1,0,0,0
Q2882_C2,0,0,0
Q2882_C3,0,0,0
Q2882_C4,0,0,0
Q2882_C5,0,0,0
Q2882_C6,0,0,0
Q2882_C7,0,0,0
Q2882_C8,0,0,0
Q2882_C9,0,0,0
Q2882_C10,0,0,0
Q2883_C1,0,0,0
Q2883_C2,0,0,0
Q2883_C3,0.4161564348,0.4248186172,0.417489514
Q2883_C4,0.4161564348,0.4248186172,0.417489514
Q2883_C5,0,0,0
Q2883_C6,1,1,1
Q2884_C1,0,0,0
Q2884_C2,0,0,0
Q2884_C3,1,1,1
Q2884_C4,0,0,0
Q2884_C5,1,1,1
Q2884_C6,0,0,0
Q2884_C7,0,0,0
Q2884_C8,0,0,0
Q2885_C1,0,0,0
Q2885_C2,0,0,0
Q2885_C3,0,0,0
Q2885_C4,0,0,0
Q2886_C1,1,1,1
Q2886_C2,1,1,1
Q2886_C3,0,0,0
Q2887_C1,0,0,0
Q2888_C1,0,0,0
Q2888_C2,0,0,0
Q2888_C3,0,0,0
Q2888_C4,0,0,0
Q2888_C5,0,0,0
Q2888_C6,0,0,0
Q2888_C7,0,0,0
Q2888_C8,0,0,0
Q2889_C1,0,0,0
Q2889_C2,1,1,1
Q2889_C3,0.5491044933,0.5439715725,0.5428998251
Q2889_C4,1,1,1
Q2889_C5,1,1,1
Q2889_C6,1,1,1
Q2889_C7,1,1,1
Q2890_C1,0,0,0
Q2890_C2,0,0,0
Q2890_C3,0,0,0
Q2890_C4,0,0,0
Q2890_C5,0,0,0
Q2890_C6,0,0,0
Q2890_C7,0,0,0
Q2890_C8,0,0,0
Q2890_C9,0,0,0
Q2890_C10,0,0,0
Q2890_C11,0,0,0
Q2890_C12,0,0,0
Q2890_C13,1,1,1
Q2890_C14,0,0,0
Q2890_C15,0,0,0
Q2890_C16,0,0,0
Q2890_C17,0,0,0
Q2890_C18,0,0,0
Q2890_C19,0,0,0
Q2890_C20,0,0,0
Q2890_C21,0,0,0
Q2890_C22,0,0,0
Q2890_C23,0,0,0
Q2890_C24,0,0,0
Q2890_C25,0,0,0
Q2890_C26,0,0,0
Q2890_C27,0,0,0
Q2890_C28,0,0,0
Q2890_C29,1,1,1
Q2890_C30,0,0,0
Q2891_C1,0,0,0
Q2891_C2,0,0,0
Q2891_C3,1,1,1
Q2891_C4,0,0,0
Q2891_C5,0,0,0
Q2891_C6,0,0,0
Q2892_C1,0,0,0
Q2892_C2,0,0,0
Q2892_C3,0,0,0
Q2892_C4,0.4714389213,0.4744789446,0.4699580814
Q2892_C5,0,0,0
Q2892_C6,1,1,1
Q2892_C7,0,0,0
Q2892_C8,0,0,0
Q2892_C9,0,0,0
Q2892_C10,0,0,0
Q2893_C1,0,0,0
Q2893_C2,0,0,0
Q2893_C3,0,0,0
Q2893_C4,0,0,0
Q2894_C1,0,0,0
Q2894_C2,0,0,0
Q2894_C3,0,0,0
Q2894_C4,0,0,0
Q2895_C1,0,0,0
Q2895_C2,0,0,0
Q2895_C3,0,0,0
Q2895_C4,0,0,0
Q2896_C1,0.4105797243,0.4320552599,0.4175319363
Q2896_C2,1,1,1
Q2896_C3,0.1474959061,0.1571644068,0.1508165304
Q2896_C4,0.1474959061,0.1571644068,0.1508165304
Q2896_C5,0,0,0
Q2896_C6,0,0,0
Q2897_C1,0,0,0
Q2897_C2,0,0,0
Q2897_C3,0,0,0
Q2897_C4,0,0,0
Q2898_C1,0,0,0
Q2898_C2,0,0,0
Q2898_C3,0,0,0
Q2899_C1,0,0,0
Q2899_C2,0,0,0
Q2899_C3,0,0,0
Q2900_C1,0,0,0
